title,summary,description,url
3 Market-Beating Stocks Worth Your Attention,"Stocks that outperform the market usually share key traits such as rising sales, expanding margins, and increasing returns on capital. The select few that can do all three for many years are often the ones that make you life-changing money.",,https://finance.yahoo.com/markets/stocks/articles/3-market-beating-stocks-worth-182318820.html
2 Beaten-Down Stocks to Avoid Right Now,Don't catch a falling knife.,,https://www.fool.com/investing/2026/09/08/2-beaten-down-stocks-to-avoid-right-now/
The CEO Fixing America's AI Infrastructure Lag Behind China,"The AI race isn't being won in the model lab — it's being won in the power grid. And right now, America is losing.",,https://www.fool.com/investing/2026/09/08/the-ceo-fixing-america-s-ai-infrastructure-lag-behind-china/
Why ServiceNow Stock Popped 33% Last Month,Fears of AI taking over the software space were temporarily calmed last month.,,https://www.fool.com/investing/2026/09/08/why-servicenow-stock-popped-33-last-month/
The Simple Reason I'm Not Worried About Nvidia's Hugging Face Acquisition,"The Hugging Face deal looks like a win for Nvidia, but it might not be for the reason that you think.",,https://www.fool.com/investing/2026/09/08/the-simple-reason-why-i-m-not-worried-about-nvidia-s-hugging-face-acquisition/
Why IonQ Stock Jumped 12.4% This Morning,"New chips, a Bitcoin warning, and a huge guidance hike. IonQ packed a lot of news into one morning.",,https://www.fool.com/investing/2026/09/08/why-ionq-stock-jumped-124-this-morning/
"Billionaire Stanley Druckenmiller Has 2 Megacap Stocks Worth Watching (Hint: His Top Holding Isn't Amazon, Alphabet, or Nvidia)",His largest position today is a bet on genomics.,,https://www.fool.com/investing/2026/09/08/billionaire-stanley-druckenmiller-has-2-megacap/
"Does Michael Burry Have It Wrong? Nvidia Chips Retain Value, Data Shows","Six-year-old A100 chips from Nvidia Corp. (NASDAQ:NVDA) are still valued at nearly $5,000 each, complicating Michael Burry’s warning that Big Tech may be overstating profits by depreciating AI hardware over five or six years. Silicon Data estimates the A100’s residual...",,https://www.benzinga.com/markets/prediction-markets/26/09/61668402/nvidia-a100-chips-michael-burry-depreciation?utm_source=yahooFinance&utm_campaign=partner_feed&utm_medium=referral
The Earnings Report That Could Move the Market,"The earnings report for Nvidia, the world's most valuable company, could have huge economic ramifications.",,https://www.fool.com/investing/2026/09/08/the-earnings-report-that-could-move-the-market/
