id,cik,concept,label,value,numeric_value,unit,period_end,fiscal_period,fiscal_year,period_start,period_type,statement_type,is_audited,data_quality,confidence_score,accession,form_type,filing_date,sec_url
80604268,50863,us-gaap:WeightedAverageNumberOfDilutedSharesOutstanding,"Weighted Average Number of Shares Outstanding, Diluted",5108000000.0,5108000000,shares,2026-06-27,Q2,2026,2025-12-28,duration,IncomeStatement,false,high,0.9,0000050863-26-000157,10-Q,2026-07-24,https://www.sec.gov/Archives/edgar/data/50863/0000050863-26-000157-index.html
80604269,50863,us-gaap:WeightedAverageNumberOfDilutedSharesOutstanding,"Weighted Average Number of Shares Outstanding, Diluted",5104000000.0,5104000000,shares,2026-06-27,Q2,2026,2026-03-29,duration,IncomeStatement,false,high,0.9,0000050863-26-000157,10-Q,2026-07-24,https://www.sec.gov/Archives/edgar/data/50863/0000050863-26-000157-index.html
80604267,50863,us-gaap:WeightedAverageNumberOfDilutedSharesOutstanding,"Weighted Average Number of Shares Outstanding, Diluted",5083000000.0,5083000000,shares,2026-03-28,Q1,2026,2025-12-28,duration,IncomeStatement,false,high,0.9,0000050863-26-000079,10-Q,2026-04-24,https://www.sec.gov/Archives/edgar/data/50863/0000050863-26-000079-index.html
80604266,50863,us-gaap:WeightedAverageNumberOfDilutedSharesOutstanding,"Weighted Average Number of Shares Outstanding, Diluted",4530000000.0,4530000000,shares,2025-12-27,FY,2025,2024-12-29,duration,IncomeStatement,true,high,0.9,0000050863-26-000011,10-K,2026-01-23,https://www.sec.gov/Archives/edgar/data/50863/0000050863-26-000011-index.html
80604264,50863,us-gaap:WeightedAverageNumberOfDilutedSharesOutstanding,"Weighted Average Number of Shares Outstanding, Diluted",4434000000.0,4434000000,shares,2025-09-27,Q3,2025,2024-12-29,duration,IncomeStatement,false,high,0.9,0000050863-25-000179,10-Q,2025-11-06,https://www.sec.gov/Archives/edgar/data/50863/0000050863-25-000179-index.html
80604265,50863,us-gaap:WeightedAverageNumberOfDilutedSharesOutstanding,"Weighted Average Number of Shares Outstanding, Diluted",4531000000.0,4531000000,shares,2025-09-27,Q3,2025,2025-06-29,duration,IncomeStatement,false,high,0.9,0000050863-25-000179,10-Q,2025-11-06,https://www.sec.gov/Archives/edgar/data/50863/0000050863-25-000179-index.html
80604260,50863,us-gaap:WeightedAverageNumberOfDilutedSharesOutstanding,"Weighted Average Number of Shares Outstanding, Diluted",4356000000.0,4356000000,shares,2025-06-28,Q2,2025,2024-12-29,duration,IncomeStatement,false,high,0.9,0000050863-25-000109,10-Q,2025-07-24,https://www.sec.gov/Archives/edgar/data/50863/0000050863-25-000109-index.html
80604261,50863,us-gaap:WeightedAverageNumberOfDilutedSharesOutstanding,"Weighted Average Number of Shares Outstanding, Diluted",4356000000.0,4356000000,shares,2025-06-28,Q2,2026,2024-12-29,duration,IncomeStatement,false,high,0.9,0000050863-26-000157,10-Q,2026-07-24,https://www.sec.gov/Archives/edgar/data/50863/0000050863-26-000157-index.html
80604262,50863,us-gaap:WeightedAverageNumberOfDilutedSharesOutstanding,"Weighted Average Number of Shares Outstanding, Diluted",4369000000.0,4369000000,shares,2025-06-28,Q2,2025,2025-03-30,duration,IncomeStatement,false,high,0.9,0000050863-25-000109,10-Q,2025-07-24,https://www.sec.gov/Archives/edgar/data/50863/0000050863-25-000109-index.html
80604263,50863,us-gaap:WeightedAverageNumberOfDilutedSharesOutstanding,"Weighted Average Number of Shares Outstanding, Diluted",4369000000.0,4369000000,shares,2025-06-28,Q2,2026,2025-03-30,duration,IncomeStatement,false,high,0.9,0000050863-26-000157,10-Q,2026-07-24,https://www.sec.gov/Archives/edgar/data/50863/0000050863-26-000157-index.html
80604258,50863,us-gaap:WeightedAverageNumberOfDilutedSharesOutstanding,"Weighted Average Number of Shares Outstanding, Diluted",4343000000.0,4343000000,shares,2025-03-29,Q1,2025,2024-12-29,duration,IncomeStatement,false,high,0.9,0000050863-25-000074,10-Q,2025-04-25,https://www.sec.gov/Archives/edgar/data/50863/0000050863-25-000074-index.html
80604259,50863,us-gaap:WeightedAverageNumberOfDilutedSharesOutstanding,"Weighted Average Number of Shares Outstanding, Diluted",4343000000.0,4343000000,shares,2025-03-29,Q1,2026,2024-12-29,duration,IncomeStatement,false,high,0.9,0000050863-26-000079,10-Q,2026-04-24,https://www.sec.gov/Archives/edgar/data/50863/0000050863-26-000079-index.html
80604256,50863,us-gaap:WeightedAverageNumberOfDilutedSharesOutstanding,"Weighted Average Number of Shares Outstanding, Diluted",4280000000.0,4280000000,shares,2024-12-28,FY,2024,2023-12-31,duration,IncomeStatement,true,high,0.9,0000050863-25-000009,10-K,2025-01-31,https://www.sec.gov/Archives/edgar/data/50863/0000050863-25-000009-index.html
80604257,50863,us-gaap:WeightedAverageNumberOfDilutedSharesOutstanding,"Weighted Average Number of Shares Outstanding, Diluted",4280000000.0,4280000000,shares,2024-12-28,FY,2025,2023-12-31,duration,IncomeStatement,true,high,0.9,0000050863-26-000011,10-K,2026-01-23,https://www.sec.gov/Archives/edgar/data/50863/0000050863-26-000011-index.html
80604252,50863,us-gaap:WeightedAverageNumberOfDilutedSharesOutstanding,"Weighted Average Number of Shares Outstanding, Diluted",4267000000.0,4267000000,shares,2024-09-28,Q3,2024,2023-12-31,duration,IncomeStatement,false,high,0.9,0000050863-24-000149,10-Q,2024-11-01,https://www.sec.gov/Archives/edgar/data/50863/0000050863-24-000149-index.html
80604253,50863,us-gaap:WeightedAverageNumberOfDilutedSharesOutstanding,"Weighted Average Number of Shares Outstanding, Diluted",4267000000.0,4267000000,shares,2024-09-28,Q3,2025,2023-12-31,duration,IncomeStatement,false,high,0.9,0000050863-25-000179,10-Q,2025-11-06,https://www.sec.gov/Archives/edgar/data/50863/0000050863-25-000179-index.html
80604254,50863,us-gaap:WeightedAverageNumberOfDilutedSharesOutstanding,"Weighted Average Number of Shares Outstanding, Diluted",4292000000.0,4292000000,shares,2024-09-28,Q3,2024,2024-06-30,duration,IncomeStatement,false,high,0.9,0000050863-24-000149,10-Q,2024-11-01,https://www.sec.gov/Archives/edgar/data/50863/0000050863-24-000149-index.html
80604255,50863,us-gaap:WeightedAverageNumberOfDilutedSharesOutstanding,"Weighted Average Number of Shares Outstanding, Diluted",4292000000.0,4292000000,shares,2024-09-28,Q3,2025,2024-06-30,duration,IncomeStatement,false,high,0.9,0000050863-25-000179,10-Q,2025-11-06,https://www.sec.gov/Archives/edgar/data/50863/0000050863-25-000179-index.html
80604248,50863,us-gaap:WeightedAverageNumberOfDilutedSharesOutstanding,"Weighted Average Number of Shares Outstanding, Diluted",4254000000.0,4254000000,shares,2024-06-29,Q2,2024,2023-12-31,duration,IncomeStatement,false,high,0.9,0000050863-24-000124,10-Q,2024-08-02,https://www.sec.gov/Archives/edgar/data/50863/0000050863-24-000124-index.html
80604249,50863,us-gaap:WeightedAverageNumberOfDilutedSharesOutstanding,"Weighted Average Number of Shares Outstanding, Diluted",4254000000.0,4254000000,shares,2024-06-29,Q2,2025,2023-12-31,duration,IncomeStatement,false,high,0.9,0000050863-25-000109,10-Q,2025-07-24,https://www.sec.gov/Archives/edgar/data/50863/0000050863-25-000109-index.html
80604250,50863,us-gaap:WeightedAverageNumberOfDilutedSharesOutstanding,"Weighted Average Number of Shares Outstanding, Diluted",4267000000.0,4267000000,shares,2024-06-29,Q2,2024,2024-03-31,duration,IncomeStatement,false,high,0.9,0000050863-24-000124,10-Q,2024-08-02,https://www.sec.gov/Archives/edgar/data/50863/0000050863-24-000124-index.html
80604251,50863,us-gaap:WeightedAverageNumberOfDilutedSharesOutstanding,"Weighted Average Number of Shares Outstanding, Diluted",4267000000.0,4267000000,shares,2024-06-29,Q2,2025,2024-03-31,duration,IncomeStatement,false,high,0.9,0000050863-25-000109,10-Q,2025-07-24,https://www.sec.gov/Archives/edgar/data/50863/0000050863-25-000109-index.html
80604246,50863,us-gaap:WeightedAverageNumberOfDilutedSharesOutstanding,"Weighted Average Number of Shares Outstanding, Diluted",4242000000.0,4242000000,shares,2024-03-30,Q1,2024,2023-12-31,duration,IncomeStatement,false,high,0.9,0000050863-24-000076,10-Q,2024-04-26,https://www.sec.gov/Archives/edgar/data/50863/0000050863-24-000076-index.html
80604247,50863,us-gaap:WeightedAverageNumberOfDilutedSharesOutstanding,"Weighted Average Number of Shares Outstanding, Diluted",4242000000.0,4242000000,shares,2024-03-30,Q1,2025,2023-12-31,duration,IncomeStatement,false,high,0.9,0000050863-25-000074,10-Q,2025-04-25,https://www.sec.gov/Archives/edgar/data/50863/0000050863-25-000074-index.html
80604243,50863,us-gaap:WeightedAverageNumberOfDilutedSharesOutstanding,"Weighted Average Number of Shares Outstanding, Diluted",4212000000.0,4212000000,shares,2023-12-30,FY,2023,2023-01-01,duration,IncomeStatement,true,high,0.9,0000050863-24-000010,10-K,2024-01-26,https://www.sec.gov/Archives/edgar/data/50863/0000050863-24-000010-index.html
80604244,50863,us-gaap:WeightedAverageNumberOfDilutedSharesOutstanding,"Weighted Average Number of Shares Outstanding, Diluted",4212000000.0,4212000000,shares,2023-12-30,FY,2024,2023-01-01,duration,IncomeStatement,true,high,0.9,0000050863-25-000009,10-K,2025-01-31,https://www.sec.gov/Archives/edgar/data/50863/0000050863-25-000009-index.html
80604245,50863,us-gaap:WeightedAverageNumberOfDilutedSharesOutstanding,"Weighted Average Number of Shares Outstanding, Diluted",4212000000.0,4212000000,shares,2023-12-30,FY,2025,2023-01-01,duration,IncomeStatement,true,high,0.9,0000050863-26-000011,10-K,2026-01-23,https://www.sec.gov/Archives/edgar/data/50863/0000050863-26-000011-index.html
80604239,50863,us-gaap:WeightedAverageNumberOfDilutedSharesOutstanding,"Weighted Average Number of Shares Outstanding, Diluted",4180000000.0,4180000000,shares,2023-09-30,Q3,2023,2023-01-01,duration,IncomeStatement,false,high,0.9,0000050863-23-000103,10-Q,2023-10-27,https://www.sec.gov/Archives/edgar/data/50863/0000050863-23-000103-index.html
80604240,50863,us-gaap:WeightedAverageNumberOfDilutedSharesOutstanding,"Weighted Average Number of Shares Outstanding, Diluted",4180000000.0,4180000000,shares,2023-09-30,Q3,2024,2023-01-01,duration,IncomeStatement,false,high,0.9,0000050863-24-000149,10-Q,2024-11-01,https://www.sec.gov/Archives/edgar/data/50863/0000050863-24-000149-index.html
80604241,50863,us-gaap:WeightedAverageNumberOfDilutedSharesOutstanding,"Weighted Average Number of Shares Outstanding, Diluted",4229000000.0,4229000000,shares,2023-09-30,Q3,2023,2023-07-02,duration,IncomeStatement,false,high,0.9,0000050863-23-000103,10-Q,2023-10-27,https://www.sec.gov/Archives/edgar/data/50863/0000050863-23-000103-index.html
80604242,50863,us-gaap:WeightedAverageNumberOfDilutedSharesOutstanding,"Weighted Average Number of Shares Outstanding, Diluted",4229000000.0,4229000000,shares,2023-09-30,Q3,2024,2023-07-02,duration,IncomeStatement,false,high,0.9,0000050863-24-000149,10-Q,2024-11-01,https://www.sec.gov/Archives/edgar/data/50863/0000050863-24-000149-index.html
80604235,50863,us-gaap:WeightedAverageNumberOfDilutedSharesOutstanding,"Weighted Average Number of Shares Outstanding, Diluted",4168000000.0,4168000000,shares,2023-07-01,Q2,2023,2023-01-01,duration,IncomeStatement,false,high,0.9,0000050863-23-000028,10-Q,2023-04-28,https://www.sec.gov/Archives/edgar/data/50863/0000050863-23-000028-index.html
80604236,50863,us-gaap:WeightedAverageNumberOfDilutedSharesOutstanding,"Weighted Average Number of Shares Outstanding, Diluted",4168000000.0,4168000000,shares,2023-07-01,Q2,2024,2023-01-01,duration,IncomeStatement,false,high,0.9,0000050863-24-000124,10-Q,2024-08-02,https://www.sec.gov/Archives/edgar/data/50863/0000050863-24-000124-index.html
80604237,50863,us-gaap:WeightedAverageNumberOfDilutedSharesOutstanding,"Weighted Average Number of Shares Outstanding, Diluted",4196000000.0,4196000000,shares,2023-07-01,Q2,2023,2023-04-02,duration,IncomeStatement,false,high,0.9,0000050863-23-000028,10-Q,2023-04-28,https://www.sec.gov/Archives/edgar/data/50863/0000050863-23-000028-index.html
80604238,50863,us-gaap:WeightedAverageNumberOfDilutedSharesOutstanding,"Weighted Average Number of Shares Outstanding, Diluted",4196000000.0,4196000000,shares,2023-07-01,Q2,2024,2023-04-02,duration,IncomeStatement,false,high,0.9,0000050863-24-000124,10-Q,2024-08-02,https://www.sec.gov/Archives/edgar/data/50863/0000050863-24-000124-index.html
80604233,50863,us-gaap:WeightedAverageNumberOfDilutedSharesOutstanding,"Weighted Average Number of Shares Outstanding, Diluted",4154000000.0,4154000000,shares,2023-04-01,Q1,2023,2023-01-01,duration,IncomeStatement,false,high,0.9,,,,
80604234,50863,us-gaap:WeightedAverageNumberOfDilutedSharesOutstanding,"Weighted Average Number of Shares Outstanding, Diluted",4154000000.0,4154000000,shares,2023-04-01,Q1,2024,2023-01-01,duration,IncomeStatement,false,high,0.9,0000050863-24-000076,10-Q,2024-04-26,https://www.sec.gov/Archives/edgar/data/50863/0000050863-24-000076-index.html
80604230,50863,us-gaap:WeightedAverageNumberOfDilutedSharesOutstanding,"Weighted Average Number of Shares Outstanding, Diluted",4123000000.0,4123000000,shares,2022-12-31,FY,2022,2021-12-26,duration,IncomeStatement,true,high,0.9,0000050863-23-000006,10-K,2023-01-27,https://www.sec.gov/Archives/edgar/data/50863/0000050863-23-000006-index.html
80604231,50863,us-gaap:WeightedAverageNumberOfDilutedSharesOutstanding,"Weighted Average Number of Shares Outstanding, Diluted",4123000000.0,4123000000,shares,2022-12-31,FY,2023,2021-12-26,duration,IncomeStatement,true,high,0.9,0000050863-24-000010,10-K,2024-01-26,https://www.sec.gov/Archives/edgar/data/50863/0000050863-24-000010-index.html
80604232,50863,us-gaap:WeightedAverageNumberOfDilutedSharesOutstanding,"Weighted Average Number of Shares Outstanding, Diluted",4123000000.0,4123000000,shares,2022-12-31,FY,2024,2021-12-26,duration,IncomeStatement,true,high,0.9,0000050863-25-000009,10-K,2025-01-31,https://www.sec.gov/Archives/edgar/data/50863/0000050863-25-000009-index.html
80604226,50863,us-gaap:WeightedAverageNumberOfDilutedSharesOutstanding,"Weighted Average Number of Shares Outstanding, Diluted",4123000000.0,4123000000,shares,2022-10-01,Q3,2022,2021-12-26,duration,IncomeStatement,false,high,0.9,0000050863-22-000030,10-Q,2022-07-29,https://www.sec.gov/Archives/edgar/data/50863/0000050863-22-000030-index.html
80604227,50863,us-gaap:WeightedAverageNumberOfDilutedSharesOutstanding,"Weighted Average Number of Shares Outstanding, Diluted",4123000000.0,4123000000,shares,2022-10-01,Q3,2023,2021-12-26,duration,IncomeStatement,false,high,0.9,0000050863-23-000103,10-Q,2023-10-27,https://www.sec.gov/Archives/edgar/data/50863/0000050863-23-000103-index.html
80604228,50863,us-gaap:WeightedAverageNumberOfDilutedSharesOutstanding,"Weighted Average Number of Shares Outstanding, Diluted",4125000000.0,4125000000,shares,2022-10-01,Q3,2022,2022-07-03,duration,IncomeStatement,false,high,0.9,0000050863-22-000030,10-Q,2022-07-29,https://www.sec.gov/Archives/edgar/data/50863/0000050863-22-000030-index.html
80604229,50863,us-gaap:WeightedAverageNumberOfDilutedSharesOutstanding,"Weighted Average Number of Shares Outstanding, Diluted",4125000000.0,4125000000,shares,2022-10-01,Q3,2023,2022-07-03,duration,IncomeStatement,false,high,0.9,0000050863-23-000103,10-Q,2023-10-27,https://www.sec.gov/Archives/edgar/data/50863/0000050863-23-000103-index.html
80604222,50863,us-gaap:WeightedAverageNumberOfDilutedSharesOutstanding,"Weighted Average Number of Shares Outstanding, Diluted",4120000000.0,4120000000,shares,2022-07-02,Q2,2022,2021-12-26,duration,IncomeStatement,false,high,0.9,0000050863-22-000020,10-Q,2022-04-29,https://www.sec.gov/Archives/edgar/data/50863/0000050863-22-000020-index.html
80604223,50863,us-gaap:WeightedAverageNumberOfDilutedSharesOutstanding,"Weighted Average Number of Shares Outstanding, Diluted",4120000000.0,4120000000,shares,2022-07-02,Q2,2023,2021-12-26,duration,IncomeStatement,false,high,0.9,0000050863-23-000028,10-Q,2023-04-28,https://www.sec.gov/Archives/edgar/data/50863/0000050863-23-000028-index.html
80604224,50863,us-gaap:WeightedAverageNumberOfDilutedSharesOutstanding,"Weighted Average Number of Shares Outstanding, Diluted",4100000000.0,4100000000,shares,2022-07-02,Q2,2022,2022-04-03,duration,IncomeStatement,false,high,0.9,0000050863-22-000020,10-Q,2022-04-29,https://www.sec.gov/Archives/edgar/data/50863/0000050863-22-000020-index.html
80604225,50863,us-gaap:WeightedAverageNumberOfDilutedSharesOutstanding,"Weighted Average Number of Shares Outstanding, Diluted",4100000000.0,4100000000,shares,2022-07-02,Q2,2023,2022-04-03,duration,IncomeStatement,false,high,0.9,0000050863-23-000028,10-Q,2023-04-28,https://www.sec.gov/Archives/edgar/data/50863/0000050863-23-000028-index.html
80604220,50863,us-gaap:WeightedAverageNumberOfDilutedSharesOutstanding,"Weighted Average Number of Shares Outstanding, Diluted",4107000000.0,4107000000,shares,2022-04-02,Q1,2022,2021-12-26,duration,IncomeStatement,false,high,0.9,,,,
80604221,50863,us-gaap:WeightedAverageNumberOfDilutedSharesOutstanding,"Weighted Average Number of Shares Outstanding, Diluted",4107000000.0,4107000000,shares,2022-04-02,Q1,2023,2021-12-26,duration,IncomeStatement,false,high,0.9,,,,
80604217,50863,us-gaap:WeightedAverageNumberOfDilutedSharesOutstanding,"Weighted Average Number of Shares Outstanding, Diluted",4090000000.0,4090000000,shares,2021-12-25,FY,2021,2020-12-27,duration,IncomeStatement,true,high,0.9,0000050863-22-000007,10-K,2022-01-27,https://www.sec.gov/Archives/edgar/data/50863/0000050863-22-000007-index.html
80604218,50863,us-gaap:WeightedAverageNumberOfDilutedSharesOutstanding,"Weighted Average Number of Shares Outstanding, Diluted",4090000000.0,4090000000,shares,2021-12-25,FY,2022,2020-12-27,duration,IncomeStatement,true,high,0.9,0000050863-23-000006,10-K,2023-01-27,https://www.sec.gov/Archives/edgar/data/50863/0000050863-23-000006-index.html
80604219,50863,us-gaap:WeightedAverageNumberOfDilutedSharesOutstanding,"Weighted Average Number of Shares Outstanding, Diluted",4090000000.0,4090000000,shares,2021-12-25,FY,2023,2020-12-27,duration,IncomeStatement,true,high,0.9,0000050863-24-000010,10-K,2024-01-26,https://www.sec.gov/Archives/edgar/data/50863/0000050863-24-000010-index.html
80604213,50863,us-gaap:WeightedAverageNumberOfDilutedSharesOutstanding,"Weighted Average Number of Shares Outstanding, Diluted",4089000000.0,4089000000,shares,2021-09-25,Q3,2021,2020-12-27,duration,IncomeStatement,false,high,0.9,0000050863-21-000038,10-Q,2021-10-22,https://www.sec.gov/Archives/edgar/data/50863/0000050863-21-000038-index.html
80604214,50863,us-gaap:WeightedAverageNumberOfDilutedSharesOutstanding,"Weighted Average Number of Shares Outstanding, Diluted",4089000000.0,4089000000,shares,2021-09-25,Q3,2022,2020-12-27,duration,IncomeStatement,false,high,0.9,0000050863-22-000030,10-Q,2022-07-29,https://www.sec.gov/Archives/edgar/data/50863/0000050863-22-000030-index.html
80604215,50863,us-gaap:WeightedAverageNumberOfDilutedSharesOutstanding,"Weighted Average Number of Shares Outstanding, Diluted",4086000000.0,4086000000,shares,2021-09-25,Q3,2021,2021-06-27,duration,IncomeStatement,false,high,0.9,0000050863-21-000038,10-Q,2021-10-22,https://www.sec.gov/Archives/edgar/data/50863/0000050863-21-000038-index.html
80604216,50863,us-gaap:WeightedAverageNumberOfDilutedSharesOutstanding,"Weighted Average Number of Shares Outstanding, Diluted",4086000000.0,4086000000,shares,2021-09-25,Q3,2022,2021-06-27,duration,IncomeStatement,false,high,0.9,0000050863-22-000030,10-Q,2022-07-29,https://www.sec.gov/Archives/edgar/data/50863/0000050863-22-000030-index.html
80604209,50863,us-gaap:WeightedAverageNumberOfDilutedSharesOutstanding,"Weighted Average Number of Shares Outstanding, Diluted",4090000000.0,4090000000,shares,2021-06-26,Q2,2021,2020-12-27,duration,IncomeStatement,false,high,0.9,0000050863-21-000030,10-Q,2021-07-23,https://www.sec.gov/Archives/edgar/data/50863/0000050863-21-000030-index.html
80604210,50863,us-gaap:WeightedAverageNumberOfDilutedSharesOutstanding,"Weighted Average Number of Shares Outstanding, Diluted",4090000000.0,4090000000,shares,2021-06-26,Q2,2022,2020-12-27,duration,IncomeStatement,false,high,0.9,0000050863-22-000020,10-Q,2022-04-29,https://www.sec.gov/Archives/edgar/data/50863/0000050863-22-000020-index.html
80604211,50863,us-gaap:WeightedAverageNumberOfDilutedSharesOutstanding,"Weighted Average Number of Shares Outstanding, Diluted",4084000000.0,4084000000,shares,2021-06-26,Q2,2021,2021-03-28,duration,IncomeStatement,false,high,0.9,0000050863-21-000030,10-Q,2021-07-23,https://www.sec.gov/Archives/edgar/data/50863/0000050863-21-000030-index.html
80604212,50863,us-gaap:WeightedAverageNumberOfDilutedSharesOutstanding,"Weighted Average Number of Shares Outstanding, Diluted",4084000000.0,4084000000,shares,2021-06-26,Q2,2022,2021-03-28,duration,IncomeStatement,false,high,0.9,0000050863-22-000020,10-Q,2022-04-29,https://www.sec.gov/Archives/edgar/data/50863/0000050863-22-000020-index.html
80604207,50863,us-gaap:WeightedAverageNumberOfDilutedSharesOutstanding,"Weighted Average Number of Shares Outstanding, Diluted",4096000000.0,4096000000,shares,2021-03-27,Q1,2021,2020-12-27,duration,IncomeStatement,false,high,0.9,0000050863-21-000018,10-Q,2021-04-23,https://www.sec.gov/Archives/edgar/data/50863/0000050863-21-000018-index.html
80604208,50863,us-gaap:WeightedAverageNumberOfDilutedSharesOutstanding,"Weighted Average Number of Shares Outstanding, Diluted",4096000000.0,4096000000,shares,2021-03-27,Q1,2022,2020-12-27,duration,IncomeStatement,false,high,0.9,,,,
80604204,50863,us-gaap:WeightedAverageNumberOfDilutedSharesOutstanding,"Weighted Average Number of Shares Outstanding, Diluted",4232000000.0,4232000000,shares,2020-12-26,FY,2020,2019-12-29,duration,IncomeStatement,true,high,0.9,0000050863-21-000010,10-K,2021-01-22,https://www.sec.gov/Archives/edgar/data/50863/0000050863-21-000010-index.html
80604205,50863,us-gaap:WeightedAverageNumberOfDilutedSharesOutstanding,"Weighted Average Number of Shares Outstanding, Diluted",4232000000.0,4232000000,shares,2020-12-26,FY,2021,2019-12-29,duration,IncomeStatement,true,high,0.9,0000050863-22-000007,10-K,2022-01-27,https://www.sec.gov/Archives/edgar/data/50863/0000050863-22-000007-index.html
80604206,50863,us-gaap:WeightedAverageNumberOfDilutedSharesOutstanding,"Weighted Average Number of Shares Outstanding, Diluted",4232000000.0,4232000000,shares,2020-12-26,FY,2022,2019-12-29,duration,IncomeStatement,true,high,0.9,0000050863-23-000006,10-K,2023-01-27,https://www.sec.gov/Archives/edgar/data/50863/0000050863-23-000006-index.html
80604200,50863,us-gaap:WeightedAverageNumberOfDilutedSharesOutstanding,"Weighted Average Number of Shares Outstanding, Diluted",4269000000.0,4269000000,shares,2020-09-26,Q3,2020,2019-12-29,duration,IncomeStatement,false,high,0.9,0000050863-20-000043,10-Q,2020-10-23,https://www.sec.gov/Archives/edgar/data/50863/0000050863-20-000043-index.html
80604201,50863,us-gaap:WeightedAverageNumberOfDilutedSharesOutstanding,"Weighted Average Number of Shares Outstanding, Diluted",4269000000.0,4269000000,shares,2020-09-26,Q3,2021,2019-12-29,duration,IncomeStatement,false,high,0.9,0000050863-21-000038,10-Q,2021-10-22,https://www.sec.gov/Archives/edgar/data/50863/0000050863-21-000038-index.html
80604202,50863,us-gaap:WeightedAverageNumberOfDilutedSharesOutstanding,"Weighted Average Number of Shares Outstanding, Diluted",4211000000.0,4211000000,shares,2020-09-26,Q3,2020,2020-06-28,duration,IncomeStatement,false,high,0.9,0000050863-20-000043,10-Q,2020-10-23,https://www.sec.gov/Archives/edgar/data/50863/0000050863-20-000043-index.html
80604203,50863,us-gaap:WeightedAverageNumberOfDilutedSharesOutstanding,"Weighted Average Number of Shares Outstanding, Diluted",4211000000.0,4211000000,shares,2020-09-26,Q3,2021,2020-06-28,duration,IncomeStatement,false,high,0.9,0000050863-21-000038,10-Q,2021-10-22,https://www.sec.gov/Archives/edgar/data/50863/0000050863-21-000038-index.html
80604196,50863,us-gaap:WeightedAverageNumberOfDilutedSharesOutstanding,"Weighted Average Number of Shares Outstanding, Diluted",4298000000.0,4298000000,shares,2020-06-27,Q2,2020,2019-12-29,duration,IncomeStatement,false,high,0.9,0000050863-20-000026,10-Q,2020-07-24,https://www.sec.gov/Archives/edgar/data/50863/0000050863-20-000026-index.html
80604197,50863,us-gaap:WeightedAverageNumberOfDilutedSharesOutstanding,"Weighted Average Number of Shares Outstanding, Diluted",4298000000.0,4298000000,shares,2020-06-27,Q2,2021,2019-12-29,duration,IncomeStatement,false,high,0.9,0000050863-21-000030,10-Q,2021-07-23,https://www.sec.gov/Archives/edgar/data/50863/0000050863-21-000030-index.html
80604198,50863,us-gaap:WeightedAverageNumberOfDilutedSharesOutstanding,"Weighted Average Number of Shares Outstanding, Diluted",4284000000.0,4284000000,shares,2020-06-27,Q2,2020,2020-03-29,duration,IncomeStatement,false,high,0.9,0000050863-20-000026,10-Q,2020-07-24,https://www.sec.gov/Archives/edgar/data/50863/0000050863-20-000026-index.html
80604199,50863,us-gaap:WeightedAverageNumberOfDilutedSharesOutstanding,"Weighted Average Number of Shares Outstanding, Diluted",4284000000.0,4284000000,shares,2020-06-27,Q2,2021,2020-03-29,duration,IncomeStatement,false,high,0.9,0000050863-21-000030,10-Q,2021-07-23,https://www.sec.gov/Archives/edgar/data/50863/0000050863-21-000030-index.html
80604194,50863,us-gaap:WeightedAverageNumberOfDilutedSharesOutstanding,"Weighted Average Number of Shares Outstanding, Diluted",4312000000.0,4312000000,shares,2020-03-28,Q1,2020,2019-12-29,duration,IncomeStatement,false,high,0.9,0000050863-20-000017,10-Q,2020-04-24,https://www.sec.gov/Archives/edgar/data/50863/0000050863-20-000017-index.html
80604195,50863,us-gaap:WeightedAverageNumberOfDilutedSharesOutstanding,"Weighted Average Number of Shares Outstanding, Diluted",4312000000.0,4312000000,shares,2020-03-28,Q1,2021,2019-12-29,duration,IncomeStatement,false,high,0.9,0000050863-21-000018,10-Q,2021-04-23,https://www.sec.gov/Archives/edgar/data/50863/0000050863-21-000018-index.html
